lat,lng,bank,tail3,trans,note,pic,district,ward,street,province
11.124782999999999,106.332611,AGRIBANK,717,26,,,Huyện Gò Dầu,,Đương Nông Trường,Tây Ninh
11.048472,106.35303999999998,VIB,933,23,,,Thị xã Trảng Bàng,,Đường Tỉnh 782,Tây Ninh
11.268828333333333,106.15001833333334,VIB,987,25,,,Thị xã Hòa Thành,,Trịnh Phong Đáng,Tây Ninh
11.080753333333334,106.26925666666668,MBB,3no,17,,,Huyện Gò Dầu,,Quốc lộ 22,Tây Ninh
11.446711666666667,106.02927833333332,HDB,105,13,,,Huyện Tân Biên,,Quốc lộ 22B,Tây Ninh
11.55954,106.16311999999999,ABB,123,18,,,Huyện Tân Châu,,Trần Văn Trà,Tây Ninh
11.30833,106.11618,VIB,270,23,,,Thành phố Tây Ninh,,Cách Mạng Tháng Tám,Tây Ninh
11.032451111111113,106.34855555555556,VCB,155,21,,,Thị xã Trảng Bàng,,Đường Nguyễn Du,Tây Ninh
11.2944725,106.11691125,VTB,299,19,,,Thị xã Hòa Thành,,Châu Văn Liêm,Tây Ninh
11.089504999999999,106.38359499999999,VTB,F11,15,,,Thị xã Trảng Bàng,,Đường Lộc Phước,Tây Ninh
11.305223333333334,106.13214666666667,TCB,388,15,,,Thị xã Hòa Thành,,Cách Mạng Tháng Tám,Tây Ninh
11.303118000000001,106.104386,ACB,367,12,,,Thành phố Tây Ninh,,Võ Thị Sáu,Tây Ninh
11.291525,106.1290325,VTB,69,10,,,Thị xã Hòa Thành,,Đường Hùng Vương,Tây Ninh
11.547572352941176,106.16017647058824,MBB,915,26,,,Huyện Tân Châu,,Tôn Đức Thắng,Tây Ninh
11.308440000000001,106.11610666666667,VIB,270,23,,,Thành phố Tây Ninh,,Cách Mạng Tháng Tám,Tây Ninh
11.169983333333334,106.20978000000001,TCB,16,23,,,Huyện Gò Dầu,,Quốc lộ 22B,Tây Ninh
11.121535000000002,106.32529,AGRIBANK,649,15,,,Huyện Gò Dầu,,Đương Nông Trường,Tây Ninh
11.082944999999999,106.26585499999999,ACB,787,14,,,Huyện Gò Dầu,,Vòng xoay Gò Dầu,Tây Ninh
11.341695,106.190155,VTB,944,12,,,Huyện Dương Minh Châu,,Đường tỉnh 781,Tây Ninh
11.334055,106.083755,SACOM,441,11,,,Thành phố Tây Ninh,,Trần Văn Trà,Tây Ninh
11.036669999999999,106.35901399999999,VTB,755,11,,,Thị xã Trảng Bàng,,Nguyễn Văn Rốp,Tây Ninh
11.30269,106.10367333333333,TCB,1,12,,,Thành phố Tây Ninh,,Hoàng Lê Kha,Tây Ninh
11.29918,106.10916,MBB,202,13,,,Thành phố Tây Ninh,,Võ Thị Sáu,Tây Ninh
11.324446666666667,106.10975333333333,TCB,522,11,,,Thành phố Tây Ninh,,Nguyễn Chí Thanh,Tây Ninh
11.288294444444444,106.12706111111112,MBB,506,26,,,Thị xã Hòa Thành,,Lý Thường Kiệt,Tây Ninh
11.290320000000001,106.0846825,VTB,363,17,,,Huyện Châu Thành,,Đường tỉnh 786,Tây Ninh
11.380276,106.22491000000001,MBB,413,24,,,Huyện Dương Minh Châu,,Đường Cù Chính Lan,Tây Ninh
11.30791,106.18276,MBB,479,19,,,Huyện Dương Minh Châu,,Đường tỉnh 784,Tây Ninh
11.283822727272728,105.99577363636364,MBB,211,22,,,Huyện Châu Thành,,Đường tỉnh 796,Tây Ninh
11.312815,106.09657,MBB,192,12,,,Thành phố Tây Ninh,,Trần Quốc Toản,Tây Ninh
11.553395,106.15913750000001,MBB,892,12,,,Huyện Tân Châu,,Nguyễn Đình Chiểu,Tây Ninh
11.08732642857143,106.271245,NAB,2,24,,,Huyện Gò Dầu,,Hùng Vương,Tây Ninh
11.083852857142858,106.26701285714284,MBB,30,24,,,Huyện Gò Dầu,,Hùng Vương,Tây Ninh
11.291321250000001,106.12839,TCB,672,17,,,Thị xã Hòa Thành,,Đường số 2 Đỗ Thị Tặng,Tây Ninh
11.377820000000002,106.21996666666665,VTB,411,18,,,Huyện Dương Minh Châu,,Đường tỉnh 781,Tây Ninh
11.316576666666666,106.09984333333334,TCB,824,13,,,Thành phố Tây Ninh,,Phạm Tung,Tây Ninh
11.0845825,106.26814999999999,BIDV,850,11,,,Huyện Gò Dầu,,Hùng Vương,Tây Ninh
11.38035875,106.2286,AGRIBANK,258,21,,,Huyện Dương Minh Châu,,Đường Nguyễn Bình,Tây Ninh
11.0169475,106.4050125,SACOM,593,10,,,Thị xã Trảng Bàng,,Suối Sâu 2,Tây Ninh
11.553778000000001,106.154174,MBB,807,18,,,Huyện Tân Châu,,Nguyễn Thị Định,Tây Ninh
11.03049,106.35584499999999,MBB,468,16,,,Thị xã Trảng Bàng,,đường sau Siêu thị Co.op mart,Tây Ninh
11.321871666666668,106.11006416666667,MBB,818,27,,,Thành phố Tây Ninh,,Trường Chinh,Tây Ninh
11.286429166666665,106.13245,MBB,214,29,,,Thị xã Hòa Thành,,Nguyễn Văn Linh,Tây Ninh
11.308302000000001,106.097786,SACOM,1,23,,,Thành phố Tây Ninh,,Ba Mươi Tháng Tư,Tây Ninh
11.132758888888889,106.12527777777778,HDB,134,27,,,Huyện Bến Cầu,,Đường tỉnh 786,Tây Ninh
11.1276725,106.2503025,VCB,888,15,,,Huyện Gò Dầu,,Quốc lộ 22B,Tây Ninh
11.12129,106.32473999999999,TCB,14,16,,,Huyện Gò Dầu,,Đương Nông Trường,Tây Ninh
11.306151111111111,106.12640111111112,MBB,416,29,,,Thành phố Tây Ninh,,Cách Mạng Tháng Tám,Tây Ninh
11.5536475,106.161355,MBB,868,23,,,Huyện Tân Châu,,Nguyễn Thị Định,Tây Ninh
11.338192727272729,106.11549909090908,VCB,723,29,,,Thành phố Tây Ninh,,Đường Số 30,Tây Ninh
11.299673333333333,106.10867,TCB,939,11,,,Thành phố Tây Ninh,,Võ Thị Sáu,Tây Ninh
11.293387777777777,106.11518777777778,VPB,920,25,,,Thị xã Hòa Thành,,Phạm Văn Đồng,Tây Ninh
11.305455000000002,106.1285375,VIB,353,19,,,Thành phố Tây Ninh,,Cách Mạng Tháng Tám,Tây Ninh
11.312152727272728,106.10312727272728,TCB,490,28,,,Thành phố Tây Ninh,,Nguyễn Chí Thanh,Tây Ninh
11.30314,106.1044175,SACOM,646,11,,,Thành phố Tây Ninh,,Võ Thị Sáu,Tây Ninh
11.298925714285714,106.12191428571428,VTB,182,17,,,Thành phố Tây Ninh,,Lạc Long Quân,Tây Ninh
11.02636,106.38306,MBB,578,13,,,Thị xã Trảng Bàng,,Quốc lộ 22,Tây Ninh
11.341142,106.159748,TCB,472,16,,,Thành phố Tây Ninh,,Đường tỉnh 784,Tây Ninh
11.258610000000001,106.13802,MBB,636,15,,,Thị xã Hòa Thành,,Ngô Quyền,Tây Ninh
11.038692222222222,106.32605777777778,VTB,651,29,,,Thị xã Trảng Bàng,,Đường Bình Thủy,Tây Ninh
11.322395,106.10944,VPB,7V1,17,,,Thành phố Tây Ninh,,Trường Chinh,Tây Ninh
11.29885,106.10958333333333,VCB,223,16,,,Thành phố Tây Ninh,,Võ Thị Sáu,Tây Ninh
11.632959999999999,106.19837999999999,VTB,94,25,,,Huyện Tân Châu,,Đường tỉnh 785,Tây Ninh
11.252770000000002,106.28535875,ACB,409,24,,,Huyện Dương Minh Châu,,Đường tỉnh 789B,Tây Ninh
11.322494,106.109034,TCB,139,14,,,Thành phố Tây Ninh,,Trường Chinh,Tây Ninh
11.287303076923077,106.1299176923077,MBB,175,22,,,Thị xã Hòa Thành,,Đường Đỗ Thị Tặng,Tây Ninh
11.029,106.3252,SACOM,13,19,,,Thị xã Trảng Bàng,,Nguyễn Du,Tây Ninh
11.31987,106.10238799999999,VIB,799,20,,,Thành phố Tây Ninh,,Trương Tùng Quân,Tây Ninh
11.308735714285714,106.11278142857144,MBB,858,22,,,Thành phố Tây Ninh,,Cách Mạng Tháng Tám,Tây Ninh
11.213611428571429,106.27683857142857,VTB,192,20,,,Huyện Dương Minh Châu,,Đường tỉnh 784,Tây Ninh
11.3002625,106.1279375,SACOM,87,18,,,Thị xã Hòa Thành,,Lý Thường Kiệt,Tây Ninh
11.34149375,106.15949499999999,MBB,34,21,,,Thành phố Tây Ninh,,Đường tỉnh 784,Tây Ninh
11.529813749999999,106.00893625,MBB,966,21,,,Huyện Tân Biên,,Ba Mươi Tháng Tư,Tây Ninh
11.268256000000001,106.163023,TCB,795,18,,,Thị xã Hòa Thành,,Nguyễn Văn Linh,Tây Ninh
11.030684999999998,106.35925,VCB,501,14,,,Thị xã Trảng Bàng,,Nguyễn Văn Rốp,Tây Ninh
11.6111675,105.98610000000001,HDB,100,20,,,Huyện Tân Biên,,Quốc lộ 22B,Tây Ninh
11.044954,106.34452399999999,MBB,234,11,,,Thị xã Trảng Bàng,,Quốc lộ 22,Tây Ninh
11.52633,106.01122000000001,MBB,q3k,12,,,Huyện Tân Biên,,Hoàng Quốc Việt,Tây Ninh
11.027603333333333,106.37674666666666,VTB,999,16,,,Thị xã Trảng Bàng,,Quốc lộ 22,Tây Ninh
11.3376775,106.11573999999999,VTB,S01,19,,,Thành phố Tây Ninh,,Bời Lời,Tây Ninh
11.120028,106.324612,VCB,778,16,,,Huyện Gò Dầu,,Đường Tỉnh 782,Tây Ninh
11.122485,106.3274875,MBB,78,19,,,Huyện Gò Dầu,,Đương Nông Trường,Tây Ninh
11.1429925,106.3096925,VTB,940,13,,,Huyện Gò Dầu,,Đường Tỉnh 782,Tây Ninh
11.308891666666668,106.10073,MBB,674,16,,,Thành phố Tây Ninh,,Nguyễn Thái Học,Tây Ninh
11.035934444444447,106.35911444444444,MBB,984,28,,,Thị xã Trảng Bàng,,Nguyễn Văn Rốp,Tây Ninh
11.16893,106.211355,ACB,357,13,,,Huyện Gò Dầu,,Quốc lộ 22B,Tây Ninh
11.125226,106.333592,VCB,721,17,,,Huyện Gò Dầu,,Đương Nông Trường,Tây Ninh
11.304862,106.113875,MBB,969,16,,,Thành phố Tây Ninh,,Huỳnh Công Giản,Tây Ninh
11.322535,106.10120749999999,VTB,233,22,,,Thành phố Tây Ninh,,Ba Mươi Tháng Tư,Tây Ninh
11.018555000000001,106.3187225,MBB,757,20,,,Thị xã Trảng Bàng,,Đường D9,Tây Ninh
11.263076250000001,106.13384875000001,VTB,S01,17,,,Thị xã Hòa Thành,,Nguyễn Chí Thanh,Tây Ninh
11.312725,106.09602666666667,TCB,827,25,,,Thành phố Tây Ninh,,Trần Quốc Toản,Tây Ninh
11.017027272727272,106.40492727272728,VTB,739,29,,,Thị xã Trảng Bàng,,Quốc lộ 22,Tây Ninh
11.30559125,106.11313875,TCB,551,23,,,Thành phố Tây Ninh,,Nguyễn Trãi,Tây Ninh
11.08077,106.18644,VTB,962,14,,,Huyện Bến Cầu,,Quốc lộ 22,Tây Ninh
11.3347075,106.25227875,HDB,161,27,,,Huyện Dương Minh Châu,,Đường tỉnh 784B,Tây Ninh
11.130163076923077,106.31929307692307,VTB,252,25,,,Huyện Gò Dầu,,Đường Tỉnh 782,Tây Ninh
11.031873333333333,106.34244666666666,MBB,714,16,,,Thị xã Trảng Bàng,,Đường Nguyễn Du,Tây Ninh
11.1205,106.32428,VIB,54,10,,,Huyện Gò Dầu,,Đường Tỉnh 782,Tây Ninh
11.172266249999998,106.31274249999998,MBB,538,20,,,Huyện Gò Dầu,,Đường Tỉnh 782,Tây Ninh
11.207627142857143,106.28211000000002,PVCOM,4,23,,,Huyện Dương Minh Châu,,Đường tỉnh 784,Tây Ninh
11.036458,106.36823199999999,VCB,369,27,,,Thị xã Trảng Bàng,,Quang Hóa,Tây Ninh
11.08421888888889,106.26763555555556,MBB,668,25,,,Huyện Gò Dầu,,Hùng Vương,Tây Ninh
11.519735,106.16107,SACOM,630,17,,,Huyện Tân Châu,,Đường tỉnh 785,Tây Ninh
11.301688,106.108386,TCB,818,12,,,Thành phố Tây Ninh,,Nguyễn Trãi,Tây Ninh
11.40726857142857,106.11471571428571,MBB,638,23,,,Thành phố Tây Ninh,,Đường Đặng Thuỳ Trâm,Tây Ninh
11.238218333333332,106.25267833333334,TCB,676,21,,,Huyện Dương Minh Châu,,Đường tỉnh 784,Tây Ninh
11.491953333333333,106.16771666666666,MBB,392,10,,,Huyện Tân Châu,,Đường tỉnh 785,Tây Ninh
11.336046,106.11223199999999,VIB,854,17,,,Thành phố Tây Ninh,,Bời Lời,Tây Ninh
11.03423,106.32249333333333,VTB,886,28,,,Thị xã Trảng Bàng,,Đường Tha La,Tây Ninh
11.552848749999999,106.16731625,VCB,199,19,,,Huyện Tân Châu,,Lê Duẩn,Tây Ninh
11.035802499999999,106.32619,VIB,548,17,,,Thị xã Trảng Bàng,,Đường Bình Thủy,Tây Ninh
11.02134,106.395274,VCB,102,16,,,Thị xã Trảng Bàng,,Quốc lộ 22,Tây Ninh
11.2868275,106.135245,MBB,199,17,,,Thị xã Hòa Thành,,An Dương Vương,Tây Ninh
11.337526666666667,106.11508166666667,BIDV,337,25,,,Thành phố Tây Ninh,,Bời Lời,Tây Ninh
11.030756666666667,106.35735666666666,VIB,626,12,,,Thị xã Trảng Bàng,,Đại lộ trung tâm,Tây Ninh
11.037150909090908,106.35605636363636,VTB,695,23,,,Thị xã Trảng Bàng,,Nguyễn Trọng Cát,Tây Ninh
11.310261538461537,106.11229923076924,SACOM,272,27,,,Thành phố Tây Ninh,,Hẻm Số 67 Cách Mạng Tháng Tám,Tây Ninh
11.30954,106.10576333333333,MBB,783,21,,,Thành phố Tây Ninh,,Cách Mạng Tháng Tám,Tây Ninh
11.286385000000001,106.12903833333334,MBB,800,11,,,Thị xã Hòa Thành,,Phạm Văn Đồng,Tây Ninh
11.083945,106.26719750000001,MBB,652,26,,,Huyện Gò Dầu,,Hùng Vương,Tây Ninh
11.079706666666667,106.27084666666667,MBB,592,19,,,Huyện Gò Dầu,,Quốc lộ 22,Tây Ninh
11.553725714285715,106.14284285714285,AGRIBANK,921,15,,,Huyện Tân Châu,,Đường tỉnh 795,Tây Ninh
11.20096,106.33853,TCB,218,11,,,Huyện Gò Dầu,,Đường tỉnh 782,Tây Ninh
11.09261,106.26393,SACOM,34,11,,,Huyện Gò Dầu,,Quốc lộ 22B,Tây Ninh
11.088242,106.27355,VTB,916,11,,,Huyện Gò Dầu,,Hùng Vương,Tây Ninh
11.1101,106.326265,SACOM,853,10,,,Huyện Gò Dầu,,Đường Tỉnh 782,Tây Ninh
11.262936666666667,106.22846333333332,MBB,293,11,,,Huyện Dương Minh Châu,,Đường tỉnh 784,Tây Ninh
11.315215,106.0928775,MBB,868,13,,,Thành phố Tây Ninh,,Yết Kiêu,Tây Ninh
11.553728,106.14276,TCB,536,15,,,Huyện Tân Châu,,Đường tỉnh 795,Tây Ninh
11.089655454545454,106.38333454545455,VCCB,133,26,,,Thị xã Trảng Bàng,,Tỉnh lộ 2,Tây Ninh
11.305629999999999,106.13264333333333,AGRIBANK,386,21,,,Thành phố Tây Ninh,,Đường Điện Biên Phủ,Tây Ninh
11.550397142857143,106.15952285714285,TCB,31,13,,,Huyện Tân Châu,,Nguyễn Đình Chiểu,Tây Ninh
11.12393375,106.33059875,AGRIBANK,422,20,,,Huyện Gò Dầu,,Đương Nông Trường,Tây Ninh
11.294080000000001,106.128725,VIB,321,23,,,Thị xã Hòa Thành,,Đường Hùng Vương,Tây Ninh
11.111609999999999,106.17912625000001,AGRIBANK,110,20,,,Huyện Bến Cầu,,Đường tỉnh 786,Tây Ninh
11.310915000000001,106.0863975,VTB,568,19,,,Thành phố Tây Ninh,,Trương Quyền,Tây Ninh
11.03262,106.35670333333334,ACB,696,12,,,Thị xã Trảng Bàng,,Nguyễn Du,Tây Ninh
11.33187,106.10705,TCB,999,11,,,Thành phố Tây Ninh,,Ba Mươi Tháng Tư,Tây Ninh
11.305971666666668,106.10630666666667,ACB,797,15,,,Thành phố Tây Ninh,,Hẻm 5 Hoàng Lê Kha,Tây Ninh
11.29025,106.12917714285716,MBB,670,25,,,Thị xã Hòa Thành,,Đường Hùng Vương,Tây Ninh
11.561765,106.16367333333334,MBB,554,26,,,Huyện Tân Châu,,Đường tỉnh 785,Tây Ninh
11.301848461538459,106.10621461538463,MSB,452,27,,,Thành phố Tây Ninh,,Võ Thị Sáu,Tây Ninh
11.1250325,106.33283499999999,VTB,886,15,,,Huyện Gò Dầu,,Đương Nông Trường,Tây Ninh
11.0803425,106.2663275,MBB,592,28,,,Huyện Gò Dầu,,Lê Văn Thới,Tây Ninh
11.088984,106.27557999999999,MBB,932,18,,,Huyện Gò Dầu,,Hùng Vương,Tây Ninh
11.287065,106.13147000000001,VTB,899,18,,,Thị xã Hòa Thành,,Nguyễn Huệ,Tây Ninh
11.30055,106.10202166666667,TCB,457,18,,,Thành phố Tây Ninh,,Hoàng Lê Kha,Tây Ninh
11.447985000000001,106.028925,MBB,772,19,,,Huyện Tân Biên,,Quốc lộ 22B,Tây Ninh
11.103746666666666,106.18147,MBB,0,11,,,Huyện Bến Cầu,,Đường tỉnh 786,Tây Ninh
11.278602000000001,106.145926,MBB,94,16,,,Thị xã Hòa Thành,,Đường số 37 Nguyễn Văn Linh,Tây Ninh
11.28864,106.08378,VIB,54,10,,,Huyện Châu Thành,,Quốc lộ 22B,Tây Ninh
11.304094444444445,106.12454333333334,TCB,944,27,,,Thành phố Tây Ninh,,Huỳnh Công Giản,Tây Ninh
11.15146,106.23929666666666,MBB,900,17,,,Huyện Gò Dầu,,Quốc lộ 22B,Tây Ninh
11.55036,106.16096200000001,TCB,801,24,,,Huyện Tân Châu,,Tôn Đức Thắng,Tây Ninh
11.490173333333333,106.16826666666667,HDB,979,10,,,Huyện Tân Châu,,Đường tỉnh 785,Tây Ninh
11.29926,106.12134,BIDV,805,11,,,Thành phố Tây Ninh,,Lạc Long Quân,Tây Ninh
11.138138333333334,106.31306000000001,VCB,205,22,,,Huyện Gò Dầu,,Đường Tỉnh 782,Tây Ninh
11.258953333333334,106.13955,VIB,711,16,,,Thị xã Hòa Thành,,Ngô Quyền,Tây Ninh
11.022546666666667,106.23081166666667,MBB,993,13,,,Thị xã Trảng Bàng,,Bình Hoà 9,Tây Ninh
11.120414285714286,106.32427857142856,MBB,274,29,,,Huyện Gò Dầu,,Đường Tỉnh 782,Tây Ninh
11.025875,106.38503,VCB,457,13,,,Thị xã Trảng Bàng,,Quốc lộ 22,Tây Ninh
11.250882222222222,106.13300777777779,VTB,749,23,,,Thị xã Hòa Thành,,Đường số 19 Nguyễn Chí Thanh,Tây Ninh
11.143291111111111,106.30952111111111,MBB,354,26,,,Huyện Gò Dầu,,Đường Tỉnh 782,Tây Ninh
11.2954,106.10620999999999,ACB,717,11,,,Thành phố Tây Ninh,,Ba Mươi Tháng Tư,Tây Ninh
11.143361666666667,106.30943333333333,VTB,492,17,,,Huyện Gò Dầu,,Đường Tỉnh 782,Tây Ninh
11.287742857142858,106.1317342857143,VIB,393,24,,,Thị xã Hòa Thành,,Nguyễn Huệ,Tây Ninh
11.0137025,106.37944875,VTB,209,27,,,Thị xã Trảng Bàng,,An Khương 3,Tây Ninh
11.3523375,106.06260375,HDB,163,18,,,Huyện Châu Thành,,Quốc lộ 22B,Tây Ninh
11.31222,106.12399888888889,TCB,506,18,,,Thành phố Tây Ninh,,Hẻm Số 85 Cách Mạng Tháng Tám,Tây Ninh
11.293976,106.12876800000001,MBB,ka2,24,,,Thị xã Hòa Thành,,Đường Hùng Vương,Tây Ninh
11.14242,106.30978666666667,SACOM,782,27,,,Huyện Gò Dầu,,Đường Tỉnh 782,Tây Ninh
11.25868,106.13813999999999,SHB,949,22,,,Thị xã Hòa Thành,,Ngô Quyền,Tây Ninh
11.271700000000001,106.13065200000001,HDB,130,20,,,Thị xã Hòa Thành,,Tôn Đức Thắng,Tây Ninh
11.03203,106.3629475,MBB,60,20,,,Thị xã Trảng Bàng,,Đại lộ trung tâm,Tây Ninh
11.270283333333332,105.96829,ACB,246,11,,,Huyện Châu Thành,,Đường tỉnh 781,Tây Ninh
11.1675575,106.3111825,MBB,523,17,,,Huyện Gò Dầu,,Đường Tỉnh 782,Tây Ninh
11.292743,106.12889799999999,VTB,871,16,,,Thị xã Hòa Thành,,Đường Hùng Vương,Tây Ninh
11.544143333333334,106.02096666666667,MBB,954,26,,,Huyện Tân Biên,,Đường tỉnh 795,Tây Ninh
11.312232727272727,106.08967727272729,SACOM,609,25,,,Thành phố Tây Ninh,,Võ Văn Truyện,Tây Ninh
11.03159,106.36193,SACOM,564,21,,,Thị xã Trảng Bàng,,Đại lộ trung tâm,Tây Ninh
11.0323675,106.35346,SACOM,554,21,,,Thị xã Trảng Bàng,,Mai Anh A,Tây Ninh
11.304626666666666,106.10505666666666,VTB,S01,12,,,Thành phố Tây Ninh,,Hoàng Lê Kha,Tây Ninh
11.033607499999999,106.3282925,VTB,EM1,27,,,Thị xã Trảng Bàng,,Đường Nguyễn Du,Tây Ninh
11.240390000000001,106.25069500000001,VTB,979,14,,,Huyện Dương Minh Châu,,Đường tỉnh 784,Tây Ninh
11.316085,106.09293375,MBB,999,26,,,Thành phố Tây Ninh,,Phan Chu Trinh,Tây Ninh
11.23743909090909,106.35929181818182,HDB,176,23,,,Thị xã Trảng Bàng,,Đường tỉnh 789,Tây Ninh
11.295283333333334,106.11200666666667,TCB,135,15,,,Thành phố Tây Ninh,,Lạc Long Quân,Tây Ninh
11.03217,106.3407,MBB,240,11,,,Thị xã Trảng Bàng,,Đường Nguyễn Du,Tây Ninh
11.32516625,106.10964,TCB,560,17,,,Thành phố Tây Ninh,,Đặng Văn Lý,Tây Ninh
11.332223333333333,106.10735333333334,VCB,684,10,,,Thành phố Tây Ninh,,Ba Mươi Tháng Tư,Tây Ninh
11.295245,106.12643625000001,TCB,167,19,,,Thị xã Hòa Thành,,Châu Văn Liêm,Tây Ninh
11.553466666666667,106.16277,VCB,141,15,,,Huyện Tân Châu,,Lê Duẩn,Tây Ninh
11.607955,106.185325,PVCOM,103,12,,,Huyện Tân Châu,,Đường tỉnh 785,Tây Ninh
11.6078375,106.1852875,MBB,952,15,,,Huyện Tân Châu,,Đường tỉnh 785,Tây Ninh
11.124487272727274,106.33196090909091,MBB,870,25,,,Huyện Gò Dầu,,Đương Nông Trường,Tây Ninh
11.293776666666666,106.11474333333332,VIB,336,10,,,Thị xã Hòa Thành,,Phạm Văn Đồng,Tây Ninh
11.2806675,106.12788750000001,BIDV,895,20,,,Thị xã Hòa Thành,,Trương Quyền,Tây Ninh
11.30597875,106.11080125,TCB,783,19,,,Thành phố Tây Ninh,,Huỳnh Công Giản,Tây Ninh
11.300348571428572,106.11414714285714,TCB,953,20,,,Thành phố Tây Ninh,,Nguyễn Văn Rốp,Tây Ninh
11.1361725,106.3141425,AGRIBANK,348,14,,,Huyện Gò Dầu,,Đường Tỉnh 782,Tây Ninh
11.032364000000001,106.357572,TCB,647,20,,,Thị xã Trảng Bàng,,Nguyễn Du,Tây Ninh
11.146516,106.241668,VCB,704,13,,,Huyện Gò Dầu,,Quốc lộ 22B,Tây Ninh
11.283067142857144,106.12819571428571,AGRIBANK,999,22,,,Thị xã Hòa Thành,,Hai Bà Trưng,Tây Ninh
11.292555,106.11715,BIDV,784,11,,,Thị xã Hòa Thành,,Phạm Văn Đồng,Tây Ninh
11.306170555555553,106.12628833333333,VTB,48,29,,,Thành phố Tây Ninh,,Cách Mạng Tháng Tám,Tây Ninh
11.030304000000001,106.32478,VTB,138,19,,,Thị xã Trảng Bàng,,Đường An Hội,Tây Ninh
11.4603,106.027842,SACOM,764,20,,,Huyện Tân Biên,,Đường tỉnh 781B,Tây Ninh
11.1692725,106.21088750000001,HDB,56,25,,,Huyện Gò Dầu,,Quốc lộ 22B,Tây Ninh
11.12421,106.33126333333334,VCB,326,26,,,Huyện Gò Dầu,,Đương Nông Trường,Tây Ninh
11.31628090909091,106.09041363636364,MBB,762,24,,,Thành phố Tây Ninh,,Cách Mạng Tháng Tám,Tây Ninh
11.291427142857142,106.11442571428572,AGRIBANK,999,16,,,Thị xã Hòa Thành,,hẻm 12 Phạm Văn Đồng,Tây Ninh
11.31746,106.095715,VTB,F11,12,,,Thành phố Tây Ninh,,Trần Hưng Đạo,Tây Ninh
11.02685,106.38231999999999,SACOM,797,10,,,Thị xã Trảng Bàng,,Đặng Văn Trước,Tây Ninh
11.335595,106.18553750000001,AGRIBANK,379,14,,,Huyện Dương Minh Châu,,Đường tỉnh 781,Tây Ninh
11.14182,106.31028749999999,VCB,65,12,,,Huyện Gò Dầu,,Đường Tỉnh 782,Tây Ninh
11.619063333333333,106.41131999999999,VTB,F11,11,,,Huyện Tân Châu,,Đường tỉnh 794,Tây Ninh
11.316400909090911,106.10006272727271,TCB,4,26,,,Thành phố Tây Ninh,,Phạm Tung,Tây Ninh
11.321591428571429,106.17214142857144,OCB,641,11,,,Huyện Dương Minh Châu,,Đường tỉnh 784,Tây Ninh
11.30507,106.10549400000001,MBB,996,18,,,Thành phố Tây Ninh,,Hoàng Lê Kha,Tây Ninh
11.318521666666665,106.105135,BIDV,384,17,,,Thành phố Tây Ninh,,Trương Tùng Quân,Tây Ninh
11.543136,106.00604200000001,MBB,384,14,,,Huyện Tân Biên,,Nguyễn Chí Thanh,Tây Ninh
11.312081,106.10312,VTB,52,26,,,Thành phố Tây Ninh,,Nguyễn Chí Thanh,Tây Ninh
11.126197999999999,106.129962,ACB,947,17,,,Huyện Bến Cầu,,Đường tỉnh 786,Tây Ninh
11.551432857142858,106.17516285714285,SACOM,48,22,,,Huyện Tân Châu,,Lê Duẩn,Tây Ninh
11.633893333333333,106.198785,HDB,131,27,,,Huyện Tân Châu,,Đường tỉnh 785,Tây Ninh
11.266075,106.22516999999999,VTB,886,10,,,Huyện Dương Minh Châu,,Đường tỉnh 784,Tây Ninh
11.031133333333335,106.35934666666667,ACB,537,15,,,Thị xã Trảng Bàng,,Nguyễn Văn Rốp,Tây Ninh
11.028403333333333,106.32494666666666,VIB,384,25,,,Thị xã Trảng Bàng,,Nguyễn Du,Tây Ninh
11.141457142857142,106.31081571428572,SACOM,5,29,,,Huyện Gò Dầu,,Đường Tỉnh 782,Tây Ninh
11.328275555555555,106.10926555555555,MBB,999,15,,,Thành phố Tây Ninh,,Nam Kỳ Khởi Nghĩa,Tây Ninh
11.29569,106.1128125,MBB,751,15,,,Thành phố Tây Ninh,,Phạm Văn Đồng,Tây Ninh
11.292938333333334,106.12894833333333,SACOM,944,10,,,Thị xã Hòa Thành,,Đường Hùng Vương,Tây Ninh
11.135095,106.31457,VIB,532,12,,,Huyện Gò Dầu,,Đường Tỉnh 782,Tây Ninh
11.483028571428571,106.02010428571428,HDB,145,18,,,Huyện Tân Biên,,Quốc lộ 22B,Tây Ninh
11.2944725,106.13414875,SACOM,759,17,,,Thị xã Hòa Thành,,An Dương Vương,Tây Ninh
11.12883,106.24939,VTB,86,10,,,Huyện Gò Dầu,,Quốc lộ 22B,Tây Ninh
11.32198,106.104315,BIDV,98,16,,,Thành phố Tây Ninh,,Dương Minh Châu,Tây Ninh
11.311229999999998,106.09347,VTB,716,19,,,Thành phố Tây Ninh,,Quang Trung,Tây Ninh
11.374466250000001,106.12245624999998,HDB,110,18,,,Thành phố Tây Ninh,,Đường tỉnh 785,Tây Ninh
11.30852,106.11559399999999,MBB,12,12,,,Thành phố Tây Ninh,,Cách Mạng Tháng Tám,Tây Ninh
11.298198000000001,106.111696,VTB,F11,11,,,Thành phố Tây Ninh,,Nguyễn Văn Rốp,Tây Ninh
11.2462,106.16765,VTB,384,14,,,Thị xã Hòa Thành,,Đường số 102 Nguyễn Văn Linh,Tây Ninh
11.309193333333333,106.09453666666667,HDB,370,14,,,Thành phố Tây Ninh,,Quang Trung,Tây Ninh
11.279948333333333,106.14324666666667,BIDV,621,16,,,Thị xã Hòa Thành,,Đường số 30 Nguyễn Văn Linh,Tây Ninh
11.5534,106.163054,TCB,3,15,,,Huyện Tân Châu,,Lê Duẩn,Tây Ninh
11.287066666666666,106.12414333333334,VPB,999,21,,,Thị xã Hòa Thành,,hẻm 15 Phạm Văn Đồng,Tây Ninh
11.137223333333333,106.31350333333333,VCB,284,10,,,Huyện Gò Dầu,,Đường Tỉnh 782,Tây Ninh
11.03153375,106.36189624999999,TPB,552,24,,,Thị xã Trảng Bàng,,Đại lộ trung tâm,Tây Ninh
11.311913333333333,106.02437666666667,MBB,928,16,,,Huyện Châu Thành,,Hoàng Lê Kha,Tây Ninh
11.541786666666667,106.00345222222221,ACB,777,23,,,Huyện Tân Biên,,Xuân Hồng,Tây Ninh
11.26316,106.14311,ACB,471,10,,,Thị xã Hòa Thành,,Đường số 58 Trần Phú,Tây Ninh
11.547495714285715,106.16010428571427,MBB,89,19,,,Huyện Tân Châu,,Tôn Đức Thắng,Tây Ninh
11.311475,106.13210333333333,MBB,547,18,,,Thành phố Tây Ninh,,Đường Điện Biên Phủ,Tây Ninh
11.308555714285715,106.11389,VIB,999,19,,,Thành phố Tây Ninh,,Cách Mạng Tháng Tám,Tây Ninh
11.02606,106.38421166666666,TCB,725,21,,,Thị xã Trảng Bàng,,Quốc lộ 22,Tây Ninh
11.305185,106.13028666666666,VTB,795,27,,,Thành phố Tây Ninh,,Cách Mạng Tháng Tám,Tây Ninh
11.3137,106.133385,SACOM,651,15,,,Thành phố Tây Ninh,,Đường số 16 Điện Biên Phủ,Tây Ninh
11.028280769230768,106.31346769230768,SACOM,522,21,,,Thị xã Trảng Bàng,,Đường C2,Tây Ninh
11.0939225,106.267455,VCB,775,10,,,Huyện Gò Dầu,,Lê Hồng Phong,Tây Ninh
11.02080375,106.3201525,SACOM,582,29,,,Thị xã Trảng Bàng,,Đường D9,Tây Ninh
11.29484,106.10977,MBB,438,13,,,Thị xã Hòa Thành,,Đường số 14,Tây Ninh
11.026046,106.359278,TCB,19,21,,,Thị xã Trảng Bàng,,Duy Tân,Tây Ninh
11.146320000000001,106.24186714285715,VCB,581,27,,,Huyện Gò Dầu,,Quốc lộ 22B,Tây Ninh
11.12579,106.33475333333332,MBB,678,18,,,Huyện Gò Dầu,,Đương Nông Trường,Tây Ninh
11.17205,106.211206,MBB,934,16,,,Huyện Gò Dầu,,Đường tỉnh 789B,Tây Ninh
11.288757,106.131642,TCB,470,25,,,Thị xã Hòa Thành,,Nguyễn Huệ,Tây Ninh
11.291400000000001,106.12837727272728,TCB,498,20,,,Thị xã Hòa Thành,,Đường số 2 Đỗ Thị Tặng,Tây Ninh
11.08312,106.26598,SACOM,365,10,,,Huyện Gò Dầu,,Quốc lộ 22B,Tây Ninh
11.304376249999999,106.11533999999999,TCB,966,16,,,Thành phố Tây Ninh,,Huỳnh Công Giản,Tây Ninh
11.286624000000002,106.1303,SACOM,10,19,,,Thị xã Hòa Thành,,Phạm Văn Đồng,Tây Ninh
11.313732,106.10343999999999,VIB,558,12,,,Thành phố Tây Ninh,,Nguyễn Chí Thanh,Tây Ninh
11.298135,106.12100374999999,BIDV,70,28,,,Thị xã Hòa Thành,,Lạc Long Quân,Tây Ninh
11.29811375,106.127645,VTB,F11,15,,,Thị xã Hòa Thành,,Lý Thường Kiệt,Tây Ninh
11.254644,106.236794,MBB,114,14,,,Huyện Dương Minh Châu,,Đường tỉnh 784,Tây Ninh
11.139623749999998,106.31186375,AGRIBANK,284,29,,,Huyện Gò Dầu,,Đường Tỉnh 782,Tây Ninh
11.021354285714287,106.39527714285714,MBB,285,22,,,Thị xã Trảng Bàng,,Quốc lộ 22,Tây Ninh
11.03292,106.36372,MBB,240,11,,,Thị xã Trảng Bàng,,Quốc lộ 22,Tây Ninh
11.315585714285715,106.09310571428573,VTB,952,24,,,Thành phố Tây Ninh,,Phan Chu Trinh,Tây Ninh
11.539265,106.00588714285713,BIDV,687,26,,,Huyện Tân Biên,,Nguyễn Văn Linh,Tây Ninh
11.030423333333335,106.35682,SACOM,228,22,,,Thị xã Trảng Bàng,,Minh Mạng,Tây Ninh
11.321251666666665,106.17226666666667,ACB,868,25,,,Huyện Dương Minh Châu,,Đường tỉnh 784,Tây Ninh
11.286306,106.12626,VTB,5,16,,,Thị xã Hòa Thành,,Phạm Văn Đồng,Tây Ninh
11.183620000000001,106.166585,BIDV,325,11,,,Huyện Gò Dầu,,Quốc lộ 22B,Tây Ninh
11.13159,106.31842166666667,VTB,592,16,,,Huyện Gò Dầu,,Đường Tỉnh 782,Tây Ninh
11.309255454545456,106.10039818181819,VTB,481,29,,,Thành phố Tây Ninh,,Nguyễn Thái Học,Tây Ninh
11.315431666666667,106.10553833333333,MBB,974,20,,,Thành phố Tây Ninh,,Nguyễn Chí Thanh,Tây Ninh
11.6139775,105.985445,MBB,900,12,,,Huyện Tân Biên,,Quốc lộ 22B,Tây Ninh
11.30342,106.11063,TCB,435,10,,,Thành phố Tây Ninh,,Nguyễn Trãi,Tây Ninh
11.295786666666666,106.11639666666666,MBB,178,24,,,Thành phố Tây Ninh,,Lạc Long Quân,Tây Ninh
11.553631666666666,106.15872499999999,BIDV,861,18,,,Huyện Tân Châu,,Nguyễn Thị Định,Tây Ninh
11.308520000000001,106.10790125,ACB,317,24,,,Thành phố Tây Ninh,,Cách Mạng Tháng Tám,Tây Ninh
11.320229,106.10840999999999,TCB,500,26,,,Thành phố Tây Ninh,,Nguyễn Chí Thanh,Tây Ninh
11.300611000000002,106.107324,MBB,479,21,,,Thành phố Tây Ninh,,Nguyễn Trãi,Tây Ninh
11.339158181818183,106.11882454545454,OCB,6,23,,,Thành phố Tây Ninh,,Bời Lời,Tây Ninh
11.138565,106.312715,MBB,356,13,,,Huyện Gò Dầu,,Đường Tỉnh 782,Tây Ninh
11.345039,106.11683099999999,AGRIBANK,530,21,,,Thành phố Tây Ninh,,Đường Số 24,Tây Ninh
11.553602499999998,106.1582975,MBB,67,10,,,Huyện Tân Châu,,Nguyễn Thị Định,Tây Ninh
11.03136,106.32675454545455,VTB,F11,19,,,Thị xã Trảng Bàng,,Nguyễn Du,Tây Ninh
11.032406666666668,106.36344,OCB,411,10,,,Thị xã Trảng Bàng,,Đại lộ trung tâm,Tây Ninh
11.28846375,106.08319625000001,TPB,547,15,,,Huyện Châu Thành,,Quốc lộ 22B,Tây Ninh
11.015899999999998,106.40370000000001,MBB,m2a,11,,,Thị xã Trảng Bàng,,Suối Sâu 2,Tây Ninh
11.255065,106.290685,ACB,887,10,,,Huyện Dương Minh Châu,,Đường tỉnh 789B,Tây Ninh
11.286768571428571,106.13185142857142,AGRIBANK,777,29,,,Thị xã Hòa Thành,,Nguyễn Huệ,Tây Ninh
11.312270000000002,106.03077333333333,MBB,91,10,,,Huyện Châu Thành,,Hoàng Lê Kha,Tây Ninh
11.3266025,106.1032225,TCB,649,21,,,Thành phố Tây Ninh,,Ba Mươi Tháng Tư,Tây Ninh
11.082596250000002,106.23436374999999,SACOM,117,27,,,Huyện Bến Cầu,,Quốc lộ 22,Tây Ninh
11.30795,106.10866,TCB,742,11,,,Thành phố Tây Ninh,,Huỳnh Công Giản,Tây Ninh
11.307504,106.101362,MBB,674,15,,,Thành phố Tây Ninh,,Nguyễn Thái Học,Tây Ninh
11.118135555555554,106.32538555555556,BIDV,748,25,,,Huyện Gò Dầu,,Đường Tỉnh 782,Tây Ninh
11.3578975,106.207525,MBB,606,14,,,Huyện Dương Minh Châu,,Đường tỉnh 781,Tây Ninh
11.28912875,106.1316875,VIB,832,22,,,Thị xã Hòa Thành,,Nguyễn Huệ,Tây Ninh
11.545943333333334,106.00314333333334,VTB,286,14,,,Huyện Tân Biên,,Phạm Hùng,Tây Ninh
11.0157,106.40762,VIB,909,11,,,Thị xã Trảng Bàng,,Quốc lộ 22,Tây Ninh
11.088238333333333,106.27362,OCB,4,19,,,Huyện Gò Dầu,,Hùng Vương,Tây Ninh
11.080665,106.26615249999999,MBB,750,16,,,Huyện Gò Dầu,,Lê Văn Thới,Tây Ninh
11.13144,106.318482,AGRIBANK,388,20,,,Huyện Gò Dầu,,Đường Tỉnh 782,Tây Ninh
11.55266,106.16854666666667,BIDV,133,16,,,Huyện Tân Châu,,Lê Duẩn,Tây Ninh
11.258378333333333,106.13507166666668,VTB,F11,17,,,Thị xã Hòa Thành,,Ngô Quyền,Tây Ninh
11.024037142857143,106.35865,MBB,892,13,,,Thị xã Trảng Bàng,,Trưng Trắc,Tây Ninh
11.318082,106.098988,VTB,414,14,,,Thành phố Tây Ninh,,Ba Mươi Tháng Tư,Tây Ninh
11.382166666666667,106.23078666666667,TCB,346,13,,,Huyện Dương Minh Châu,,Ung văn Khiêm,Tây Ninh
11.32104,106.13085666666667,VTB,813,15,,,Thành phố Tây Ninh,,Đường Điện Biên Phủ,Tây Ninh
11.287268,106.130028,TCB,913,14,,,Thị xã Hòa Thành,,Đường Đỗ Thị Tặng,Tây Ninh
11.022663333333334,106.39326333333334,VTB,F11,14,,,Thị xã Trảng Bàng,,Quốc lộ 22,Tây Ninh
11.302517142857143,106.10347571428571,AGRIBANK,764,22,,,Thành phố Tây Ninh,,Hoàng Lê Kha,Tây Ninh
11.130325,106.31918,BIDV,853,21,,,Huyện Gò Dầu,,Đường Tỉnh 782,Tây Ninh
11.08741,106.265,MBB,334,22,,,Huyện Gò Dầu,,Lê Hồng Phong,Tây Ninh
11.048732857142857,106.39367000000001,HDB,180,23,,,Thị xã Trảng Bàng,,Đặng Văn Trước,Tây Ninh
11.241896666666667,106.24896,MBB,160,11,,,Huyện Dương Minh Châu,,Đường tỉnh 784,Tây Ninh
11.32751,106.1034825,ACB,99,17,,,Thành phố Tây Ninh,,Ba Mươi Tháng Tư,Tây Ninh
11.30533,106.12144714285714,TCB,855,23,,,Thành phố Tây Ninh,,hẻm 1D,Tây Ninh
11.338346666666668,106.1169,TCB,90,16,,,Thành phố Tây Ninh,,Đường Số 26,Tây Ninh
11.12192,106.32592,VTB,384,14,,,Huyện Gò Dầu,,Đương Nông Trường,Tây Ninh
11.317674285714286,106.09593285714286,TCB,414,20,,,Thành phố Tây Ninh,,Trần Hưng Đạo,Tây Ninh
11.318003333333333,106.10246,MBB,574,17,,,Thành phố Tây Ninh,,Lê Duẩn,Tây Ninh
11.122295714285714,106.32325428571428,VTB,141,28,,,Huyện Gò Dầu,,Đường Tỉnh 782,Tây Ninh
11.030172,106.358866,BIDV,74,16,,,Thị xã Trảng Bàng,,Đường Quang Trung,Tây Ninh
11.107398333333334,106.18051666666668,VTB,F11,17,,,Huyện Bến Cầu,,Đường tỉnh 786,Tây Ninh
11.33193,106.10689500000001,TCB,999,11,,,Thành phố Tây Ninh,,Ba Mươi Tháng Tư,Tây Ninh
11.279252222222222,106.12998,BIDV,81,29,,,Thị xã Hòa Thành,,Tôn Đức Thắng,Tây Ninh
11.216398,106.095416,BIDV,973,13,,,Huyện Châu Thành,,Đường tỉnh 786,Tây Ninh
11.544095,106.0038,SACOM,911,14,,,Huyện Tân Biên,,Phạm Hùng,Tây Ninh
11.58626,106.32976,SACOM,515,15,,,Huyện Tân Châu,,Đường tỉnh 795B,Tây Ninh
11.309407499999999,106.3042125,TCB,888,13,,,Huyện Dương Minh Châu,,Đường Suối Đá - Phước Minh - Phước Ninh,Tây Ninh
11.125202,106.33338599999999,SACOM,614,19,,,Huyện Gò Dầu,,Đương Nông Trường,Tây Ninh
11.352469999999999,106.06269571428571,MBB,728,20,,,Huyện Châu Thành,,Quốc lộ 22B,Tây Ninh
11.312134999999998,106.08964125,TCB,244,15,,,Thành phố Tây Ninh,,Võ Văn Truyện,Tây Ninh
11.1387,106.312465,MBB,622,18,,,Huyện Gò Dầu,,Đường Tỉnh 782,Tây Ninh
11.315,106.09057000000001,TCB,599,22,,,Thành phố Tây Ninh,,Võ Văn Truyện,Tây Ninh
11.286240909090907,106.12663727272727,TCB,593,27,,,Thị xã Hòa Thành,,Phạm Văn Đồng,Tây Ninh
11.316334999999999,106.10015,TCB,865,14,,,Thành phố Tây Ninh,,Phạm Tung,Tây Ninh
11.12461,106.33219,MBB,35,19,,,Huyện Gò Dầu,,Đương Nông Trường,Tây Ninh
11.029991666666666,106.37145833333334,VTB,95,16,,,Thị xã Trảng Bàng,,Đường An Bình 1,Tây Ninh
11.55025,106.19814500000001,VTB,702,13,,,Huyện Tân Châu,,Đường tỉnh 795,Tây Ninh
11.540265000000002,106.0054725,TCB,923,11,,,Huyện Tân Biên,,Nguyễn Văn Linh,Tây Ninh
11.310659999999999,106.07446,MBB,864,24,,,Huyện Châu Thành,,Trưng Nữ Vương,Tây Ninh
11.302446666666667,106.10959333333334,MBB,888,10,,,Thành phố Tây Ninh,,Nguyễn Trãi,Tây Ninh
11.05644,106.32402,MBB,726,22,,,Thị xã Trảng Bàng,,Đường số 3,Tây Ninh
11.297432,106.111036,SACOM,78,23,,,Thành phố Tây Ninh,,Phạm Văn Đồng,Tây Ninh
11.036378,106.35459,BIDV,3V1,17,,,Thị xã Trảng Bàng,,22 tháng 12,Tây Ninh
11.083770000000001,106.26559499999999,NAB,531,12,,,Huyện Gò Dầu,,Quốc lộ 22B,Tây Ninh
11.120778,106.32322800000001,MBB,113,22,,,Huyện Gò Dầu,,Đường Tỉnh 782,Tây Ninh
11.29274,106.13353,VTB,764,12,,,Thị xã Hòa Thành,,Đường số 5 Châu Văn Liêm,Tây Ninh
11.289109999999999,106.13109250000001,VCB,809,13,,,Thị xã Hòa Thành,,Đường số 4 Đỗ Thị Tặng,Tây Ninh
11.55301,106.26327,SACOM,21,26,,,Huyện Tân Châu,,Đường tỉnh 795,Tây Ninh
11.293028,106.115481,MBB,899,20,,,Thị xã Hòa Thành,,Phạm Văn Đồng,Tây Ninh
11.32152,106.104542,TCB,986,29,,,Thành phố Tây Ninh,,Nam Kỳ Khởi Nghĩa,Tây Ninh
11.311304,106.10254599999999,SACOM,305,22,,,Thành phố Tây Ninh,,Nguyễn Chí Thanh,Tây Ninh
11.55372,106.16187,MBB,649,11,,,Huyện Tân Châu,,Lê Duẩn,Tây Ninh
11.342952499999999,106.12820875000001,ACB,251,27,,,Thành phố Tây Ninh,,Đường Điện Biên Phủ,Tây Ninh
11.03327142857143,106.33143428571428,MBB,850,16,,,Thị xã Trảng Bàng,,Đường Hòa Hưng (HH3),Tây Ninh
11.28066,106.12783857142858,OCB,57,27,,,Thị xã Hòa Thành,,Trương Quyền,Tây Ninh
11.290464285714286,106.11797,VTB,381,25,,,Thị xã Hòa Thành,,Phạm Văn Đồng,Tây Ninh
11.309793333333333,106.10505833333333,SACOM,557,24,,,Thành phố Tây Ninh,,Cách Mạng Tháng Tám,Tây Ninh
11.551554285714285,106.17459571428572,VCB,250,26,,,Huyện Tân Châu,,Lê Duẩn,Tây Ninh
11.032139999999998,106.353576,VTB,698,21,,,Thị xã Trảng Bàng,,Trần Hưng Đạo,Tây Ninh
11.310945,106.10201875,TCB,867,27,,,Thành phố Tây Ninh,,Lê Lợi,Tây Ninh
11.031386666666666,106.32722666666666,SACOM,753,12,,,Thị xã Trảng Bàng,,Nguyễn Du,Tây Ninh
11.315701666666667,106.09210999999999,VTB,NG0,19,,,Thành phố Tây Ninh,,Cách Mạng Tháng Tám,Tây Ninh
11.083934000000001,106.26720599999999,MBB,495,10,,,Huyện Gò Dầu,,Hùng Vương,Tây Ninh
11.028812499999999,106.3252025,SACOM,698,10,,,Thị xã Trảng Bàng,,Nguyễn Du,Tây Ninh
11.32226,106.10895,TCB,435,10,,,Thành phố Tây Ninh,,Nguyễn Chí Thanh,Tây Ninh
11.316113999999999,106.088816,MBB,786,12,,,Thành phố Tây Ninh,,Cách Mạng Tháng Tám,Tây Ninh
11.122523333333334,106.32758166666666,AGRIBANK,27,21,,,Huyện Gò Dầu,,Đương Nông Trường,Tây Ninh
11.283794,106.132122,TCB,701,20,,,Thị xã Hòa Thành,,Nguyễn Chí Thanh,Tây Ninh
11.28356,106.129105,SACOM,123,22,,,Thị xã Hòa Thành,,Đường Huỳnh Thanh Mừng,Tây Ninh
11.308017999999999,106.14849,HDB,172,29,,,Huyện Dương Minh Châu,,Cách Mạng Tháng Tám,Tây Ninh
11.034590000000001,106.320125,MBB,274,11,,,Thị xã Trảng Bàng,,Đường Tha La,Tây Ninh
11.12567,106.334485,BIDV,Y2W,20,,,Huyện Gò Dầu,,Đương Nông Trường,Tây Ninh
11.296764,106.11179599999998,MBB,497,16,,,Thành phố Tây Ninh,,Phạm Văn Đồng,Tây Ninh
11.083292857142856,106.26601857142857,TCB,17,20,,,Huyện Gò Dầu,,Hùng Vương,Tây Ninh
11.290252500000001,106.129195,MBB,298,20,,,Thị xã Hòa Thành,,Đường Hùng Vương,Tây Ninh
11.300437142857142,106.11454857142856,ACB,798,23,,,Thành phố Tây Ninh,,Hẻm Số 11 Nguyễn Văn Rốp,Tây Ninh
11.091588571428572,106.26704714285714,ABB,392,22,,,Huyện Gò Dầu,,Lê Hồng Phong,Tây Ninh
11.3222125,106.1037025,MBB,p6u,16,,,Thành phố Tây Ninh,,Dương Minh Châu,Tây Ninh
11.322619999999999,106.103326,VTB,192,15,,,Thành phố Tây Ninh,,Dương Minh Châu,Tây Ninh
11.305226,106.02202199999999,PVCOM,1,16,,,Huyện Châu Thành,,Đường tỉnh 781,Tây Ninh
11.294875555555556,106.12803666666667,VTB,F11,25,,,Thị xã Hòa Thành,,Châu Văn Liêm,Tây Ninh
11.307786,106.11912799999999,TCB,460,14,,,Thành phố Tây Ninh,,Cách Mạng Tháng Tám,Tây Ninh
11.54951,106.18930666666667,PVCOM,600,12,,,Huyện Tân Châu,,Lê Duẩn,Tây Ninh
11.172065,106.21121,SHB,997,10,,,Huyện Gò Dầu,,Đường tỉnh 789B,Tây Ninh
11.308723846153846,106.11167076923077,BIDV,607,19,,,Thành phố Tây Ninh,,Cách Mạng Tháng Tám,Tây Ninh
11.316153333333334,106.08735,VIB,129,16,,,Thành phố Tây Ninh,,Cách Mạng Tháng Tám,Tây Ninh
11.287325000000001,106.12705,TCB,784,17,,,Thị xã Hòa Thành,,Lý Thường Kiệt,Tây Ninh
11.292252727272727,106.12697909090909,VTB,999,26,,,Thị xã Hòa Thành,,Lý Thường Kiệt,Tây Ninh
11.309152000000001,106.154722,SHB,547,23,,,Huyện Dương Minh Châu,,Đường tỉnh 784C,Tây Ninh
11.5536125,106.159515,AGRIBANK,91,16,,,Huyện Tân Châu,,Nguyễn Thị Định,Tây Ninh
11.03171,106.34583,VCB,949,12,,,Thị xã Trảng Bàng,,Đường Nguyễn Du,Tây Ninh
11.305268,106.13302399999999,MSB,361,24,,,Thị xã Hòa Thành,,Cách Mạng Tháng Tám,Tây Ninh
